Communes;Références cadastrales;Nbre de Pieds;"Superficie plantée
en m2";superficie plantée (en ha);nbre_de_pied_a_ha
LARRESSORE;AX 170;6000.0;4000.0;0.4;15000.0
USTARITZ;BD 419 - 305;2320.0;1500.0;0.15;15466.666666666668
USTARITZ;ZK 17 - 16;27260.0;20000.0;2.0;13630.0
SOURAIDE;ZI 15;7040.0;4900.0;0.49;14367.34693877551
LARRESSORE;A 77 - 516 - 539;7500.0;3900.0;0.39;19230.76923076923
ST PEE/NIVELLE;C 1976;11000.0;4000.0;0.4;27500.0
ST PEE/NIVELLE;BB 235 (= C1 194);9000.0;4000.0;0.4;22500.0
ESPELETTE;C 337;2100.0;1200.0;0.12;17500.0
ITXASSOU;A 2453;5600.0;6000.0;0.6;9333.333333333334
SOURAIDE;ZD 1;19750.0;10000.0;1.0;19750.0
CAMBO-LES-BAINS;A 1705 - 2039;9500.0;5000.0;0.5;19000.0
ESPELETTE;AH 53;14960.0;4500.0;0.45;33244.444444444445
HALSOU;AM 2 - 3;23140.0;13000.0;1.3;17800.0
HALSOU;AA 39;7300.0;4829.0;0.4829;15117.001449575482
SOURAIDE;ZB 83;4794.0;2359.0;0.2359;20322.170411191182
HALSOU;AE 60 - 61 - 62 - 63 64 - 65 (= AE 10 - 16 - 17);20200.0;13900.0;1.39;14532.374100719426
HALSOU;AH 13;14100.0;12000.0;1.2;11750.0
JATXOU;AH 118-121-126-127-128;31500.0;19900.0;1.99;15829.145728643216
LARRESSORE;AD 41;3300.0;1900.0;0.19;17368.42105263158
CAMBO-LES-BAINS;BH 72;22000.0;10000.0;1.0;22000.0
CAMBO-LES-BAINS;BB 12;8500.0;5000.0;0.5;17000.0
CAMBO-LES-BAINS;A7 897 - 898;9240.0;6698.0;0.6698;13795.16273514482
SOURAIDE;ZH 340 - 402 (= ZH 230 et A 930);8700.0;4000.0;0.4;21750.0
LARRESSORE;AE 38;4300.0;3500.0;0.35;12285.714285714286
ST PEE/NIVELLE;B3 1859-1860-1861 (=B3 1573);13800.0;7500.0;0.75;18400.0
LARRESSORE;ZC 10 ET 11;14400.0;8400.0;0.84;17142.857142857145
USTARITZ;ZH 75;10360.0;8600.0;0.86;12046.511627906977
LARRESSORE;ZC 20;24500.0;13000.0;1.3;18846.153846153844
USTARITZ;ZH 35;3100.0;2500.0;0.25;12400.0
ESPELETTE;B1 121;21080.0;14053.0;1.4053;15000.355795915462
AINHOA;A 430 - 470 - 296;21900.0;13616.0;1.3616;16084.018801410106
CAMBO-LES-BAINS;B5 711 - B 2278 (= B5 1887);24525.0;12753.0;1.2753;19230.76923076923
USTARITZ;ZH 29;18040.0;10000.0;1.0;18040.0
ESPELETTE;A2 101;1205.0;1900.0;0.19;6342.105263157895
ESPELETTE;A2 128;3553.0;3000.0;0.3;11843.333333333334
USTARITZ;AY 298;7500.0;3600.0;0.36;20833.333333333336
USTARITZ;BC 20-21-22-263;16500.0;7500.0;0.75;22000.0
USTARITZ;ZI 41;15000.0;8300.0;0.83;18072.289156626506
ESPELETTE;AA 31;18356.0;10500.0;1.05;17481.90476190476
ESPELETTE;C5 1491 (=2060) - C5 780 - C5 781;6500.0;3500.0;0.35;18571.428571428572
ITXASSOU;A1 1116;3500.0;3000.0;0.3;11666.666666666668
ESPELETTE;B3 99 - 20 (= B3 509 - 510 - 511);7210.0;3480.0;0.348;20718.390804597704
ITXASSOU;A 1045;7500.0;4500.0;0.45;16666.666666666668
ESPELETTE;A 256;11600.0;7000.0;0.7;16571.428571428572
SOURAIDE;ZE 167 - 208 - 209;35400.0;20000.0;2.0;17700.0
SOURAIDE;ZI 72;9700.0;7400.0;0.74;13108.108108108108
AINHOA;A 446;2500.0;2374.0;0.2374;10530.749789385005
USTARITZ;ZI 69;23292.0;20000.0;2.0;11646.0
USTARITZ;ZC 3;10240.0;8500.0;0.85;12047.058823529413
USTARITZ;AM 94;13000.0;10000.0;1.0;13000.0
CAMBO-LES-BAINS;BB 1;5050.0;2200.0;0.22;22954.545454545456
CAMBO-LES-BAINS;BB 53;3900.0;2000.0;0.2;19500.0
CAMBO-LES-BAINS;B6 1776b;7700.0;4500.0;0.45;17111.11111111111
CAMBO-LES-BAINS;B 2279 (= B5 1887) - 2274 (= B 761);4920.0;2558.0;0.2558;19233.77638780297
LARRESSORE;AX 16;3550.0;2700.0;0.27;13148.148148148148
LARRESSORE;AX 17;1650.0;1100.0;0.11;15000.0
LARRESSORE;AD 21;500.0;200.0;0.02;25000.0
LARRESSORE;A 150 - 151;12840.0;7500.0;0.75;17120.0
ESPELETTE;A3 1038;5124.0;3000.0;0.3;17080.0
CAMBO-LES-BAINS;A 2153 (= A 1580);4600.0;2300.0;0.23;20000.0
ESPELETTE;A2 0065;5894.0;3000.0;0.3;19646.666666666668
USTARITZ;BO 13 - 14;6120.0;4806.0;0.4806;12734.082397003745
ITXASSOU;E 369;8000.0;5000.0;0.5;16000.0
ST PEE/NIVELLE;C5 1591;10700.0;7000.0;0.7;15285.714285714286
SOURAIDE;ZL 22;25000.0;12064.0;1.2064;20722.811671087533
LARRESSORE;B3 572;16200.0;9200.0;0.92;17608.695652173912
ST PEE/NIVELLE;C 196;12500.0;7310.0;0.731;17099.86320109439
ST PEE/NIVELLE;C 354 - 355;34000.0;18000.0;1.8;18888.888888888887
ESPELETTE;C 432;22000.0;20259.0;2.0259;10859.371143689224
ESPELETTE;C 1640;14000.0;11600.0;1.16;12068.96551724138
ESPELETTE;C 357 - 358;15000.0;12080.0;1.208;12417.218543046358
CAMBO-LES-BAINS;AL 60 - 59 - 212 - 213 (AL 212 - 213 = AL 61);41000.0;27000.0;2.7;15185.185185185184
ESPELETTE;C3 1882;2100.0;1000.0;0.1;21000.0
AINHOA;D2 55;8500.0;3200.0;0.32;26562.5
CAMBO-LES-BAINS;AE 19;25200.0;15000.0;1.5;16800.0
CAMBO-LES-BAINS;AE 35 (= C1 83 - 84 - 85);20100.0;16000.0;1.6;12562.5
SOURAIDE;ZM 252;13600.0;8000.0;0.8;17000.0
LARRESSORE;A 632 - 631;5900.0;2000.0;0.2;29500.0
LARRESSORE;A 631 - 632;10800.0;4500.0;0.45;24000.0
LARRESSORE;A 388;26000.0;13000.0;1.3;20000.0
AINHOA;B 2;8000.0;7000.0;0.7;11428.57142857143
USTARITZ;ZK 20 - 21;4800.0;2700.0;0.27;17777.777777777777
CAMBO-LES-BAINS;A1 39 - 35;22000.0;15000.0;1.5;14666.666666666666
AINHOA;A 214;15000.0;8000.0;0.8;18750.0
HALSOU;AP 45;8534.0;6800.0;0.68;12550.0
USTARITZ;AX 70 - 71 - 72;5000.0;4100.0;0.41;12195.121951219513
HALSOU;AS 13;6180.0;3939.0;0.3939;15689.26123381569
LARRESSORE;ZC 27 - 28;19000.0;10000.0;1.0;19000.0
CAMBO-LES-BAINS;B 28 - 29 66 - 67;20000.0;10000.0;1.0;20000.0
SOURAIDE;ZH 230;16500.0;9000.0;0.9;18333.333333333332
ST PEE/NIVELLE;B 1264;3100.0;2000.0;0.2;15500.0
SOURAIDE;ZH 49;5800.0;3000.0;0.3;19333.333333333336
ESPELETTE;AA 13;18500.0;10000.0;1.0;18500.0
ESPELETTE;AA 21;18500.0;11000.0;1.1;16818.181818181816
ESPELETTE;ZA 1;7300.0;18600.0;1.86;3924.7311827956987
ESPELETTE;ZA 1;20200.0;;0.0;
ITXASSOU;E 216;8500.0;4500.0;0.45;18888.888888888887
ESPELETTE;A3 236 - 237;12900.0;10000.0;1.0;12900.0
CAMBO-LES-BAINS;BP 42;9400.0;4883.0;0.4883;19250.46078230596
CAMBO-LES-BAINS;BP 42-174-176-81-82-83;4450.0;2314.0;0.2314;19230.76923076923
CAMBO-LES-BAINS;A6 774;10400.0;10000.0;1.0;10400.0
USTARITZ;ZI 90;4500.0;3300.0;0.33;13636.363636363636
AINHOA;B 474;10100.0;5000.0;0.5;20200.0
ITXASSOU;A3 2848 - 2844 - 2847 - 2850;16400.0;9000.0;0.9;18222.222222222223
ITXASSOU;A3 2944;17500.0;12000.0;1.2;14583.333333333334
ITXASSOU;A 189 - AC 223;12552.0;7000.0;0.7;17931.428571428572
LARRESSORE;A 25 - 26;7220.0;4500.0;0.45;16044.444444444443
CAMBO-LES-BAINS;D2 1231;6740.0;3500.0;0.35;19257.14285714286
CAMBO-LES-BAINS;BB 27;4592.0;2400.0;0.24;19133.333333333336
ESPELETTE;A 1089;7174.0;3500.0;0.35;20497.14285714286
ESPELETTE;C3 406;6500.0;4000.0;0.4;16250.0
ESPELETTE;A3 284 - 283;26500.0;16000.0;1.6;16562.5
LARRESSORE;AD 51 - 23;5040.0;2000.0;0.2;25200.0
USTARITZ;ZH 24 - 29;14000.0;8000.0;0.8;17500.0
CAMBO-LES-BAINS;B 1791;2700.0;3000.0;0.3;9000.0
CAMBO-LES-BAINS;BM 123 (= A6 613);220.0;75.0;0.0075;29333.333333333336
USTARITZ;AX 181;9500.0;6000.0;0.6;15833.333333333334
ESPELETTE;AB 6;20650.0;10000.0;1.0;20650.0
AINHOA;A 418 - 104;10000.0;6300.0;0.63;15873.015873015873
ST PEE/NIVELLE;B 757 - 760 - 762;37000.0;20000.0;2.0;18500.0
ESPELETTE;AP 27;15000.0;10000.0;1.0;15000.0
LARRESSORE;ZC 24;6160.0;4500.0;0.45;13688.888888888889
USTARITZ;BC 68;4658.0;1740.0;0.174;26770.114942528737
USTARITZ;ZI 93;4500.0;3000.0;0.3;15000.0
USTARITZ;AL 56;1200.0;2000.0;0.2;6000.0
ST PEE/NIVELLE;B 459;5000.0;4000.0;0.4;12500.0
LARRESSORE;AD 113 - 38;14060.0;9000.0;0.9;15622.222222222223
LARRESSORE;AD 114 - 164;12760.0;8000.0;0.8;15950.0
LARRESSORE;AE 11;8370.0;6000.0;0.6;13950.0
USTARITZ;BD 488;3840.0;2200.0;0.22;17454.545454545456
USTARITZ;BC 70 - 71 - 72;4020.0;2500.0;0.25;16080.0
USTARITZ;ZI 91;5380.0;5500.0;0.55;9781.81818181818
ITXASSOU;A2 1070;6000.0;5000.0;0.5;12000.0
USTARITZ;ZI 42;5000.0;3800.0;0.38;13157.894736842105
USTARITZ;BC 22;14000.0;8000.0;0.8;17500.0
LARRESSORE;A3 245 - 246;12000.0;6300.0;0.63;19047.619047619046
LARRESSORE;A3 259;9600.0;6200.0;0.62;15483.870967741936
ESPELETTE;AK 90 - 91;7866.0;3390.0;0.339;23203.539823008847
ITXASSOU;A 649;5000.0;2000.0;0.2;25000.0
ST PEE/NIVELLE;AV 31 (= B 1609);14000.0;6000.0;0.6;23333.333333333336
ESPELETTE;C 1115;8880.0;5000.0;0.5;17760.0
SOURAIDE;ZE 50;13250.0;8000.0;0.8;16562.5
ST PEE/NIVELLE;B 56 (= B 1750 + 1751 + 1753) + B 1609;6000.0;3000.0;0.3;20000.0
ITXASSOU;A  999;17000.0;10000.0;1.0;17000.0
USTARITZ;ZC 152;24320.0;13000.0;1.3;18707.69230769231
HALSOU;AA 37;4920.0;3530.0;0.353;13937.677053824364
JATXOU;AB 193;12200.0;8095.0;0.8095;15071.031500926498
SOURAIDE;ZB 83;7580.0;3729.0;0.3729;20327.16545990882
ESPELETTE;AI 26;6360.0;2868.0;0.2868;22175.732217573222
CAMBO-LES-BAINS;BC 196;23000.0;10000.0;1.0;23000.0
LARRESSORE;AE 39;3200.0;1800.0;0.18;17777.777777777777
CAMBO-LES-BAINS;A 902;8700.0;6000.0;0.6;14500.0
CAMBO-LES-BAINS;A4 373;3000.0;2000.0;0.2;15000.0
CAMBO-LES-BAINS;A4 373;4000.0;3000.0;0.3;13333.333333333334
CAMBO-LES-BAINS;BC 196;7000.0;4000.0;0.4;17500.0
ST PEE/NIVELLE;C 732 - 982;7500.0;6000.0;0.6;12500.0
USTARITZ;ZH 77;6000.0;3000.0;0.3;20000.0
CAMBO-LES-BAINS;A 2152 (=1580);14600.0;7000.0;0.7;20857.14285714286
ST PEE/NIVELLE;B 1527;9300.0;7130.0;0.713;13043.478260869566
USTARITZ;ZI 65;8200.0;4000.0;0.4;20500.0
CAMBO-LES-BAINS;A 80 (= A 2087 - 2089);7180.0;4023.0;0.4023;17847.377578921205
SOURAIDE;ZH 340 - 402 (= ZH 230 et A 930);4800.0;3500.0;0.35;13714.285714285716
LARRESSORE;AE 38;2900.0;2500.0;0.25;11600.0
LARRESSORE;AM 50 - 51;7450.0;5496.0;0.5496;13555.312954876274
LARRESSORE;ZC 10 ET 11;12000.0;7000.0;0.7;17142.857142857145
USTARITZ;ZH 50;25000.0;15000.0;1.5;16666.666666666668
ESPELETTE;B1 121;1500.0;962.0;0.0962;15592.515592515594
AINHOA;B 52 - 412p;18800.0;11000.0;1.1;17090.90909090909
USTARITZ;ZI 55;16110.0;10000.0;1.0;16110.0
ESPELETTE;A2 211;8076.0;4900.0;0.49;16481.632653061224
ESPELETTE;A2 200;11700.0;7000.0;0.7;16714.285714285714
ESPELETTE;A2 200;18365.0;10500.0;1.05;17490.47619047619
LARRESSORE;AD 22 - 52;8060.0;5500.0;0.55;14654.545454545454
ESPELETTE;A 791 - 798;14000.0;10000.0;1.0;14000.0
USTARITZ;AT 298;4000.0;1600.0;0.16;25000.0
USTARITZ;ZK 47;10000.0;7000.0;0.7;14285.714285714286
USTARITZ;AX 72 - 73;4200.0;4000.0;0.4;10500.0
ESPELETTE;C 713;5000.0;3000.0;0.3;16666.666666666668
ESPELETTE;AA 32;3735.0;2159.0;0.2159;17299.67577582214
ITXASSOU;A 2172;12000.0;6000.0;0.6;20000.0
SOURAIDE;ZB 152;8000.0;6000.0;0.6;13333.333333333334
ESPELETTE;C 2119 (= C 1531);21000.0;12000.0;1.2;17500.0
ESPELETTE;A2 858 - 177;7200.0;3400.0;0.34;21176.470588235294
ITXASSOU;A4 2227;4110.0;3000.0;0.3;13700.0
ESPELETTE;A 321;1600.0;1000.0;0.1;16000.0
SOURAIDE;ZH 125b;20680.0;13000.0;1.3;15907.692307692307
ST PEE/NIVELLE;AV 31 (= B 1609);5500.0;2500.0;0.25;22000.0
CAMBO-LES-BAINS;A 26;22000.0;15000.0;1.5;14666.666666666666
LARRESSORE;AD 48;4700.0;2700.0;0.27;17407.407407407405
LARRESSORE;AD 40 - 47;5000.0;2500.0;0.25;20000.0
AINHOA;A 225;11000.0;6000.0;0.6;18333.333333333336
AINHOA;A 526;2500.0;2000.0;0.2;12500.0
AINHOA;B 21;2500.0;2000.0;0.2;12500.0
CAMBO-LES-BAINS;D1  206;2500.0;900.0;0.09;27777.777777777777
CAMBO-LES-BAINS;D1  207;2500.0;900.0;0.09;27777.777777777777
CAMBO-LES-BAINS;B 286;5050.0;2400.0;0.24;21041.666666666668
CAMBO-LES-BAINS;BB 31;4760.0;2500.0;0.25;19040.0
CAMBO-LES-BAINS;A 69;5000.0;2400.0;0.24;20833.333333333336
CAMBO-LES-BAINS;B2 396 - 397;20550.0;10686.0;1.0686;19230.76923076923
LARRESSORE;AT 6 - 7;17892.0;10000.0;1.0;17892.0
ITXASSOU;E1 899 - 898 - 35;5000.0;3000.0;0.3;16666.666666666668
LARRESSORE;AD 21;3500.0;1800.0;0.18;19444.444444444445
USTARITZ;AX 231 - AX 84;23660.0;14500.0;1.45;16317.241379310346
ESPELETTE;C 817;17700.0;13500.0;1.35;13111.11111111111
CAMBO-LES-BAINS;A 36;5200.0;2600.0;0.26;20000.0
ESPELETTE;AV 49;8500.0;8000.0;0.8;10625.0
ESPELETTE;A2 0069;12865.0;6100.0;0.61;21090.16393442623
USTARITZ;ZC 23 - 154;15020.0;10000.0;1.0;15020.0
SOURAIDE;ZN 53;21500.0;9202.0;0.9202;23364.48598130841
LARRESSORE;AX 84-109 - AW 92 (=B4 978);13900.0;8500.0;0.85;16352.94117647059
ST PEE/NIVELLE;B3 395;13500.0;8500.0;0.85;15882.35294117647
LARRESSORE;ZB 1;10500.0;7000.0;0.7;15000.000000000002
ST PEE/NIVELLE;B 711;9320.0;4650.0;0.465;20043.01075268817
ESPELETTE;AT 65;9100.0;4722.0;0.4722;19271.49512918255
ST PEE/NIVELLE;C1 1706;20000.0;10000.0;1.0;20000.0
SOURAIDE;ZM 220;7200.0;2900.0;0.29;24827.586206896554
LARRESSORE;A 373 - 479p;27500.0;13000.0;1.3;21153.846153846152
USTARITZ;AD 892 - 894;13000.0;6500.0;0.65;20000.0
USTARITZ;AW 44 - 45 - 48;8500.0;4500.0;0.45;18888.888888888887
USTARITZ;ZK 83 (= ZK 48);17300.0;9500.0;0.95;18210.526315789473
USTARITZ;AD 162;2520.0;1300.0;0.13;19384.615384615383
LARRESSORE;AE 5 - 6 (B2 317 - 325);3250.0;2500.0;0.25;13000.0
LARRESSORE;AE 5 - 6 (B2 317 - 325);17200.0;7500.0;0.75;22933.333333333332
CAMBO-LES-BAINS;AM 45 ET 48;5166.0;2800.0;0.28;18450.0
SOURAIDE;ZC 51;8000.0;4000.0;0.4;20000.0
SOURAIDE;ZD 332;20000.0;9500.0;0.95;21052.63157894737
ITXASSOU;AA 24;2895.0;1430.0;0.143;20244.755244755248
ITXASSOU;AA 50;6278.0;4500.0;0.45;13951.111111111111
HALSOU;AS 14;960.0;868.0;0.0868;11059.907834101383
CAMBO-LES-BAINS;B1 44- 45;9000.0;5000.0;0.5;18000.0
SOURAIDE;ZD 284;2500.0;1500.0;0.15;16666.666666666668
AINHOA;D 366;13000.0;6000.0;0.6;21666.666666666668
AINHOA;D 366;26000.0;16700.0;1.67;15568.862275449103
SOURAIDE;ZD 275;7500.0;4000.0;0.4;18750.0
ESPELETTE;ZB 7;16600.0;12000.0;1.2;13833.333333333334
ESPELETTE;ZB 2;10500.0;8000.0;0.8;13125.0
HALSOU;AS 6;22900.0;11500.0;1.15;19913.04347826087
ESPELETTE;ZA 1;10350.0;5382.0;0.5382;19230.76923076923
LARRESSORE;ZB 1;3500.0;3500.0;0.35;10000.0
USTARITZ;ZC 152;9600.0;8000.0;0.8;12000.0
USTARITZ;ZK 2;11800.0;9000.0;0.9;13111.111111111111
USTARITZ;BC 56 - 57 - 59;14000.0;10000.0;1.0;14000.0
USTARITZ;AM 94;5500.0;4000.0;0.4;13750.0
USTARITZ;ZH 33;8800.0;5000.0;0.5;17600.0
AINHOA;A 53;12500.0;6500.0;0.65;19230.76923076923
LARRESSORE;AD 49;5200.0;2300.0;0.23;22608.695652173912
ITXASSOU;A 189 - 192 - 193 - 223;50600.0;20000.0;2.0;25300.0
CAMBO-LES-BAINS;A 116 - 118 - 119 - 120 - 123 - 126 - 130 - 131 - 132;45718.0;22300.0;2.23;20501.34529147982
ITXASSOU;A 1191 - 160;12244.0;5400.0;0.54;22674.074074074073
ESPELETTE;A3  491;7668.0;3500.0;0.35;21908.57142857143
ESPELETTE;AH 53;29680.0;10000.0;1.0;29680.0
ESPELETTE;AR 5;12000.0;7440.0;0.744;16129.032258064517
LARRESSORE;AY 43;4050.0;3500.0;0.35;11571.428571428572
LARRESSORE;AV 26;380.0;170.0;0.017;22352.941176470587
LARRESSORE;AV 26;9720.0;5000.0;0.5;19440.0
AINHOA;E 705;10000.0;5000.0;0.5;20000.0
CAMBO-LES-BAINS;BM 123 (= A6 613);3600.0;3000.0;0.3;12000.0
USTARITZ;AW 281 (= AW 210) - AW 148;10000.0;6000.0;0.6;16666.666666666668
ESPELETTE;AK 83 - AM 82;10750.0;6000.0;0.6;17916.666666666668
HALSOU;AC 4 - 6 - 7;19840.0;9000.0;0.9;22044.444444444445
CAMBO-LES-BAINS;A 70 - 71;48950.0;30000.0;3.0;16316.666666666666
ESPELETTE;AP 30;8100.0;5100.0;0.51;15882.35294117647
LARRESSORE;ZC 4;12800.0;7182.0;0.7182;17822.3336118073
lARRESSORE;ZC 24;2800.0;1612.0;0.1612;17369.7270471464
USTARITZ;AL 55;6000.0;5000.0;0.5;12000.0
USTARITZ;ZI 92;10500.0;7000.0;0.7;15000.000000000002
USTARITZ;AL 106;2500.0;2995.0;0.2995;8347.245409015026
ITXASSOU;E 409;18950.0;10000.0;1.0;18950.0
USTARITZ;BC 70 - 71 - 72;38040.0;23500.0;2.35;16187.234042553191
ITXASSOU;A 389;20000.0;10000.0;1.0;20000.0
USTARITZ;ZI 43;6000.0;4100.0;0.41;14634.146341463416
USTARITZ;ZI 44;4000.0;2500.0;0.25;16000.0
LARRESSORE;A3 258;3840.0;4000.0;0.4;9600.0
CAMBO-LES-BAINS;AI 23;7380.0;2200.0;0.22;33545.454545454544
CAMBO-LES-BAINS;A 902;10000.0;5600.0;0.56;17857.142857142855
CAMBO-LES-BAINS;BC 8;22500.0;10000.0;1.0;22500.0
LARRESSORE;AE 12;7100.0;5000.0;0.5;14200.0
ESPELETTE;C 1123;5020.0;2400.0;0.24;20916.666666666668
SOURAIDE;ZC 291;11000.0;7000.0;0.7;15714.285714285716
SOURAIDE;ZD 297;16000.0;7500.0;0.75;21333.333333333332
CAMBO-LES-BAINS;BB 86 (= D2 1888);2270.0;1300.0;0.13;17461.53846153846
ITXASSOU;AA 20 (= A5 814);3300.0;2000.0;0.2;16500.0
ITXASSOU;A 71 (= A5 789 - 790 - 791 - 794);14300.0;10000.0;1.0;14300.0
JATXOU;AH 126-128-130;17500.0;11600.0;1.16;15086.206896551725
ESPELETTE;AH 3;2880.0;1299.0;0.1299;22170.90069284065
ESPELETTE;AB 10;11240.0;5070.0;0.507;22169.625246548323
CAMBO-LES-BAINS;A4 371 - 369;9500.0;6000.0;0.6;15833.333333333334
CAMBO-LES-BAINS;A 1617;13200.0;8000.0;0.8;16500.0
CAMBO-LES-BAINS;A 393;7500.0;4000.0;0.4;18750.0
ST PEE/NIVELLE;c 732;2000.0;1000.0;0.1;20000.0
USTARITZ;AX 125;7700.0;4900.0;0.49;15714.285714285714
CAMBO-LES-BAINS;BB 13;8500.0;5000.0;0.5;17000.0
ESPELETTE;A 393;20000.0;12000.0;1.2;16666.666666666668
LARRESSORE;ZC 10 ET 11;23760.0;13900.0;1.39;17093.525179856115
LARRESSORE;ZC 10 ET 11;10200.0;6000.0;0.6;17000.0
USTARITZ;ZH 46 - 47 - 48;16440.0;10000.0;1.0;16440.0
USTARITZ;ZH 28;25700.0;14000.0;1.4;18357.14285714286
USTARITZ;ZH 50;24500.0;14000.0;1.4;17500.0
ESPELETTE;B1 121;2520.0;1616.0;0.1616;15594.059405940594
LARRESSORE;ZC 44;9000.0;9700.0;0.97;9278.350515463917
ESPELETTE;ZA 1;44600.0;23192.0;2.3192;19230.76923076923
ST PEE/NIVELLE;C 869;23000.0;11040.0;1.104;20833.333333333332
ST PEE/NIVELLE;C 1097;6000.0;4000.0;0.4;15000.0
ESPELETTE;A3 970;5214.0;3000.0;0.3;17380.0
SOURAIDE;ZM 159;23800.0;10472.0;1.0472;22727.272727272728
ESPELETTE;A2 718;8150.0;4900.0;0.49;16632.65306122449
ESPELETTE;A2 104 a;7536.0;4800.0;0.48;15700.0
USTARITZ;ZD 415 - AT 97;24000.0;11500.0;1.15;20869.565217391308
ESPELETTE;C 713;408.0;504.0;0.0504;8095.238095238095
ESPELETTE;AA 32;14894.0;7700.0;0.77;19342.85714285714
ESPELETTE;AA 31;3865.0;2310.0;0.231;16731.60173160173
ESPELETTE;A 175 - 775;16200.0;8000.0;0.8;20250.0
ESPELETTE;A 175 - 776;3600.0;1500.0;0.15;24000.0
ESPELETTE;A2 858 - 177;17280.0;7800.0;0.78;22153.846153846152
ITXASSOU;A4 2227;18890.0;12000.0;1.2;15741.666666666668
ESPELETTE;A 321;9800.0;6000.0;0.6;16333.333333333334
ST PEE/NIVELLE;B 1197;9000.0;5000.0;0.5;18000.0
ST PEE/NIVELLE;B 90 - 92 - 93 - 94 - 95;30000.0;20000.0;2.0;15000.0
CAMBO-LES-BAINS;BB 9;5500.0;2500.0;0.25;22000.0
JATXOU;AB 288;11000.0;8438.0;0.8438;13036.264517658214
USTARITZ;ZH 93;26000.0;11000.0;1.1;23636.363636363636
USTARITZ;ZH 49;11600.0;7780.0;0.778;14910.025706940874
CAMBO-LES-BAINS;BB 15;4760.0;2500.0;0.25;19040.0
CAMBO-LES-BAINS;B1 165 - 175 - 176;10580.0;4655.2;0.46552;22727.272727272728
CAMBO-LES-BAINS;B 789 - 788 - 785;2240.0;985.6;0.09856000000000001;22727.272727272724
CAMBO-LES-BAINS;B 789 - 788 - 785;6360.0;3013.0;0.3013;21108.529704613342
LARRESSORE;A 497 e;9900.0;5000.0;0.5;19800.0
ST PEE/NIVELLE;B 407;12500.0;9000.0;0.9;13888.888888888889
USTARITZ;AX 13;13473.0;7730.0;0.773;17429.495472186285
USTARITZ;AX 76;18962.0;8900.0;0.89;21305.61797752809
USTARITZ;AX 32 - 33 - 41;17372.0;7050.0;0.705;24641.13475177305
CAMBO-LES-BAINS;AP 13;5100.0;3900.0;0.39;13076.923076923076
ESPELETTE;A3 1056;776.0;700.0;0.07;11085.714285714284
HALSOU;AA 30;7800.0;3700.0;0.37;21081.08108108108
ESPELETTE;AV 49;800.0;1000.0;0.1;8000.0
ESPELETTE;C 98;11300.0;7000.0;0.7;16142.857142857143
ESPELETTE;A2 0066;22400.0;11200.0;1.12;19999.999999999996
USTARITZ;ZI 148;19840.0;13000.0;1.3;15261.538461538461
ITXASSOU;A5 1559;10000.0;4520.0;0.452;22123.893805309734
HALSOU;AC 4;3000.0;5000.0;0.5;6000.0
SOURAIDE;ZN 53;2400.0;1028.0;0.1028;23346.303501945524
ST PEE/NIVELLE;B3 400;6500.0;4000.0;0.4;16250.0
ST PEE/NIVELLE;B3 1151;10000.0;6700.0;0.67;14925.373134328358
LARRESSORE;AD 50;14500.0;9400.0;0.94;15425.531914893618
LARRESSORE;AD 52;6500.0;4100.0;0.41;15853.658536585366
ESPELETTE;A 324 - 326;22800.0;11856.0;1.1856;19230.76923076923
ESPELETTE;AT 65;2600.0;1352.0;0.1352;19230.769230769234
ESPELETTE;AT 58;15000.0;9000.0;0.9;16666.666666666668
ESPELETTE;A 860 - 862 - 864;23000.0;18000.0;1.8;12777.777777777777
ESPELETTE;C 431;23500.0;21500.0;2.15;10930.232558139536
CAMBO-LES-BAINS;AL 57;16000.0;10000.0;1.0;16000.0
LARRESSORE;A 632 - 631;4800.0;2000.0;0.2;24000.0
LARRESSORE;A 56 - 479p;20500.0;9500.0;0.95;21578.947368421053
LARRESSORE;A1 46 (= A 637);44530.0;20000.0;2.0;22265.0
USTARITZ;ZK 18;13400.0;8500.0;0.85;15764.705882352942
USTARITZ;ZH 46;6720.0;2830.0;0.283;23745.58303886926
ESPELETTE;C 337 - 339;16000.0;10000.0;1.0;16000.0
ESPELETTE;C 921;15000.0;10890.0;1.089;13774.104683195592
HALSOU;AC 5;6616.0;5300.0;0.53;12483.018867924528
ITXASSOU;AA 21;2388.0;2500.0;0.25;9552.0
ITXASSOU;AA 27;3332.0;1507.0;0.1507;22110.152621101526
ITXASSOU;E3 523;7037.0;4486.0;0.4486;15686.580472581365
ITXASSOU;AE 63;5002.0;2500.0;0.25;20008.0
USTARITZ;AS 193 - 197;21580.0;13000.0;1.3;16600.0
CAMBO-LES-BAINS;AH 30;20000.0;10000.0;1.0;20000.0
CAMBO-LES-BAINS;BB 50;5000.0;3000.0;0.3;16666.666666666668
ST PEE/NIVELLE;B 1264;7800.0;4000.0;0.4;19500.0
LARRESSORE;A1 612;3188.0;1280.0;0.128;24906.25
LARRESSORE;A1 612;1744.0;700.0;0.07;24914.28571428571
LARRESSORE;A1 613;2440.0;980.0;0.098;24897.95918367347
ESPELETTE;A 801 - 705 - 707 - 793;10000.0;7000.0;0.7;14285.714285714286
ESPELETTE;AA 19;56000.0;29000.0;2.9;19310.344827586207
ST PEE/NIVELLE;C 859;26060.0;12500.0;1.25;20848.0
USTARITZ;ZK 26;25500.0;10560.0;1.056;24147.727272727272
HALSOU;AS 12;15200.0;7500.0;0.75;20266.666666666668
AINHOA;B1 427;7540.0;4051.0;0.4051;18612.688225129597
USTARITZ;ZK52;7320.0;6000.0;0.6;12200.0
HALSOU;AS 31;10000.0;8000.0;0.8;12500.0
USTARITZ;ZH 27;10000.0;6940.0;0.694;14409.221902017292
ITXASSOU;A5 2915;5300.0;3000.0;0.3;17666.666666666668
CAMBO-LES-BAINS;C1 113;15532.0;7650.0;0.765;20303.267973856207
ESPELETTE;AM 11- 12 - 13- 14;26502.0;11500.0;1.15;23045.217391304348
ESPELETTE;AH 53;14640.0;5000.0;0.5;29280.0
ITXASSOU;A 2000 - 1806 - 1808;5200.0;3500.0;0.35;14857.142857142859
CAMBO-LES-BAINS;BB 46;2660.0;1800.0;0.18;14777.77777777778
SOURAIDE;ZB 198 - ZC 43;49000.0;22500.0;2.25;21777.777777777777
AINHOA;A 51;20000.0;13000.0;1.3;15384.615384615385
ST PEE/NIVELLE;B 590;5200.0;7758.0;0.7758;6702.758442897653
ST PEE/NIVELLE;B 590;12000.0;7904.0;0.7904;15182.186234817815
ESPELETTE;A 19 (= A 885);14000.0;9500.0;0.95;14736.842105263158
HALSOU;AS 11;10020.0;5000.0;0.5;20040.0
USTARITZ;ZC 23 - 24;13200.0;8000.0;0.8;16500.0
USTARITZ;ZE 0024;9000.0;5000.0;0.5;18000.0
USTARITZ;ZE 0024;7500.0;4000.0;0.4;18750.0
AINHOA;E 518;6500.0;5000.0;0.5;13000.0
AINHOA;A 123;9500.0;10000.0;1.0;9500.0
ST PEE/NIVELLE;B 1242 - 1243 - 1247;25500.0;13600.0;1.36;18750.0
ITXASSOU;A1 11 - 1625;21500.0;12000.0;1.2;17916.666666666668
CAMBO-LES-BAINS;BD 71 - 72;7550.0;5000.0;0.5;15100.0
CAMBO-LES-BAINS;BP 110 - 115 (= B6 1044 et 1049);5000.0;4000.0;0.4;12500.0
ESPELETTE;AR 29 - 31;3000.0;2000.0;0.2;15000.0
AINHOA;E 625;4000.0;3000.0;0.3;13333.333333333334
ESPELETTE;AR 29 - 30;14300.0;8000.0;0.8;17875.0
LARRESSORE;A 465;14760.0;8265.0;0.8265;17858.439201451907
lARRESSORE;ZC 9;40000.0;22400.0;2.24;17857.142857142855
USTARITZ;AL 57;800.0;1675.0;0.1675;4776.119402985074
USTARITZ;AL 107;11000.0;7000.0;0.7;15714.285714285716
ITXASSOU;B2 114 - 115 - 116 - 117;17000.0;8000.0;0.8;21250.0
AINHOA;D2 171c;4200.0;5000.0;0.5;8400.0
